<?xml version="1.0" encoding="UTF-8"?>
<project default="toDot" name="fr.n7.simplepdl.todot">
    <property name="ECLIPSE_HOME" value="../../../../../../../../../../../mnt/n7fs/ens/tp_cregut/eclipse/gls-v2019/eclipse-gls"/>
    <property name="ECLIPSE_WORKSPACE" value="../.."/>

    <!-- The classpath with only the dependencies used by the project -->
    <path id="fr.n7.simplepdl.todot.libraryclasspath">
        <pathelement location="${ECLIPSE_WORKSPACE}/fr.n7.simplepdl.todot/bin"/>
        <pathelement location="${ECLIPSE_HOME}/plugins/org.eclipse.core.runtime_3.15.200.v20190301-1641.jar"/>
        <pathelement location="${ECLIPSE_HOME}/plugins/javax.inject_1.0.0.v20091030.jar"/>
        <pathelement location="${ECLIPSE_HOME}/plugins/org.eclipse.osgi_3.13.300.v20190218-1622.jar"/>
        <pathelement location="${ECLIPSE_HOME}/plugins/org.eclipse.osgi.compatibility.state_1.1.400.v20190208-1533.jar"/>
        <pathelement location="${ECLIPSE_HOME}/plugins/org.eclipse.equinox.common_3.10.300.v20190218-2100.jar"/>
        <pathelement location="${ECLIPSE_HOME}/plugins/org.eclipse.core.jobs_3.10.300.v20190215-2048.jar"/>
        <pathelement location="${ECLIPSE_HOME}/plugins/org.eclipse.equinox.registry_3.8.300.v20190218-2100.jar"/>
        <pathelement location="${ECLIPSE_HOME}/plugins/org.eclipse.equinox.preferences_3.7.300.v20190218-2100.jar"/>
        <pathelement location="${ECLIPSE_HOME}/plugins/org.eclipse.core.contenttype_3.7.300.v20190215-2048.jar"/>
        <pathelement location="${ECLIPSE_HOME}/plugins/org.eclipse.equinox.app_1.4.100.v20190215-2139.jar"/>
        <pathelement location="${ECLIPSE_HOME}/plugins/org.eclipse.emf.ecore_2.19.0.v20190822-1451.jar"/>
        <pathelement location="${ECLIPSE_HOME}/plugins/org.eclipse.emf.common_2.16.0.v20190625-1131.jar"/>
        <pathelement location="${ECLIPSE_HOME}/plugins/org.eclipse.emf.ecore.xmi_2.16.0.v20190528-0725.jar"/>
        <pathelement location="${ECLIPSE_HOME}/plugins/org.eclipse.ocl_3.10.200.v20190311-1843.jar"/>
        <pathelement location="${ECLIPSE_HOME}/plugins/lpg.runtime.java_2.0.17.v201004271640.jar"/>
        <pathelement location="${ECLIPSE_HOME}/plugins/org.eclipse.ocl.common_1.8.200.v20190311-1843.jar"/>
        <pathelement location="${ECLIPSE_HOME}/plugins/org.eclipse.ocl.ecore_3.10.200.v20190311-1843.jar"/>
        <pathelement location="${ECLIPSE_HOME}/plugins/org.eclipse.acceleo.common_3.7.8.201902261618.jar"/>
        <pathelement location="${ECLIPSE_HOME}/plugins/org.eclipse.acceleo.model_3.7.8.201902261618.jar"/>
        <pathelement location="${ECLIPSE_HOME}/plugins/org.eclipse.acceleo.profiler_3.7.8.201902261618.jar"/>
        <pathelement location="${ECLIPSE_HOME}/plugins/org.eclipse.acceleo.engine_3.7.8.201902261618.jar"/>
        <pathelement location="${ECLIPSE_HOME}/plugins/org.eclipse.emf.codegen.ecore_2.19.0.v20190822-1451.jar"/>
        <pathelement location="${ECLIPSE_HOME}/plugins/org.eclipse.emf.codegen_2.19.0.v20190821-1536.jar"/>
        <pathelement location="${ECLIPSE_HOME}/plugins/com.google.guava_27.1.0.v20190517-1946.jar"/>
    </path>

    <path id="fr.n7.simplepdl.todot.classpath">
        <path refid="fr.n7.simplepdl.todot.libraryclasspath"/>
    </path>

    <!-- The classpath with only the jars available in the plugin folder of Eclipse -->
    <path id="fr.n7.simplepdl.todot.libraryclasspath.alljars">
        <pathelement location="../fr.n7.simplepdl.todot/bin"/>
        <fileset dir="${ECLIPSE_HOME}/plugins/" includes="*.jar"/>
    </path>

    <path id="fr.n7.simplepdl.todot.classpath.alljars">
        <path refid="fr.n7.simplepdl.todot.libraryclasspath.alljars"/>
    </path>

    <!-- The default task with the jars used by this project -->
    <target name="toDot">
        <java classname="fr.n7.simplepdl.todot.main.ToDot" classpathref="fr.n7.simplepdl.todot.classpath">
            <arg value="${model}"/>
            <arg value="${target}"/>
        </java>
    </target>

    <!--
        In case of problem you can also try with all the jar available in your Eclipse
        Keep in mind that having two versions of the same jar can create problems
    -->
    <target name="toDot.alljars">
        <java classname="fr.n7.simplepdl.todot.main.ToDot" classpathref="fr.n7.simplepdl.todot.classpath">
            <arg value="${model}"/>
            <arg value="${target}"/>
        </java>
    </target>
</project>
